{
    "Profiles": [
        {
            "Ansi 4 Color": {
                "Red Component": 0.5098039507865906,
                "Color Space": "sRGB",
                "Blue Component": 1,
                "Alpha Component": 1,
                "Green Component": 0.6666666865348816
            },
            "Tags": [],
            "Ansi 12 Color": {
                "Red Component": 0.8392156958580017,
                "Color Space": "sRGB",
                "Blue Component": 1,
                "Alpha Component": 1,
                "Green Component": 0.6745098233222961
            },
            "Right Option Key Sends": 0,
            "Draw Powerline Glyphs": true,
            "Bold Color": {
                "Red Component": 0.9999960064888,
                "Color Space": "sRGB",
                "Blue Component": 1,
                "Alpha Component": 1,
                "Green Component": 1
            },
            "Ansi 6 Color": {
                "Red Component": 0.545098066329956,
                "Color Space": "sRGB",
                "Blue Component": 0.9921568632125854,
                "Alpha Component": 1,
                "Green Component": 0.9137254953384399
            },
            "Cursor Color": {
                "Red Component": 0.9254902005195618,
                "Color Space": "sRGB",
                "Blue Component": 0.95686274766922,
                "Alpha Component": 1,
                "Green Component": 0.9372549057006836
            },
            "Normal Font": "DroidSansMonoNerdFontCompleteM-Regular 15",
            "Vertical Spacing": 1,
            "Rows": 70,
            "Default Bookmark": "No",
            "Ansi 0 Color": {
                "Red Component": 0.12941177189350128,
                "Color Space": "sRGB",
                "Blue Component": 0.1725490242242813,
                "Alpha Component": 1,
                "Green Component": 0.13333334028720856
            },
            "Blend": 0.3048530910326087,
            "Ansi 1 Color": {
                "Red Component": 1,
                "Color Space": "sRGB",
                "Blue Component": 0.3333333432674408,
                "Alpha Component": 1,
                "Green Component": 0.3333333432674408
            },
            "Ansi 2 Color": {
                "Red Component": 0.3137255012989044,
                "Color Space": "sRGB",
                "Blue Component": 0.48235294222831726,
                "Alpha Component": 1,
                "Green Component": 0.9803921580314636
            },
            "Cursor Guide Color": {
                "Red Component": 0.2352941930294037,
                "Color Space": "sRGB",
                "Blue Component": 0.21176469326019287,
                "Alpha Component": 1,
                "Green Component": 0.21960783004760742
            },
            "Non-ASCII Anti Aliased": true,
            "Use Bright Bold": true,
            "Ansi 10 Color": {
                "Red Component": 0.4117647111415863,
                "Color Space": "sRGB",
                "Blue Component": 0.5803921818733215,
                "Alpha Component": 1,
                "Green Component": 1
            },
            "Ambiguous Double Width": false,
            "Jobs to Ignore": [
                "rlogin",
                "ssh",
                "slogin",
                "telnet"
            ],
            "Ansi 15 Color": {
                "Red Component": 0.9725490212440491,
                "Color Space": "sRGB",
                "Blue Component": 0.9490196108818054,
                "Alpha Component": 1,
                "Green Component": 0.9725490212440491
            },
            "Foreground Color": {
                "Red Component": 0.9725490212440491,
                "Color Space": "sRGB",
                "Blue Component": 0.9490196108818054,
                "Alpha Component": 1,
                "Green Component": 0.9725490212440491
            },
            "Bound Hosts": [],
            "Working Directory": "/Users/joelmatelli",
            "Blinking Cursor": false,
            "Space": 0,
            "Sync Title": false,
            "Prompt Before Closing 2": false,
            "BM Growl": true,
            "Command": "",
            "Description": "Default",
            "Disable Window Resizing": true,
            "Mouse Reporting": true,
            "Screen": -1,
            "Selection Color": {
                "Red Component": 0.9725490212440491,
                "Color Space": "sRGB",
                "Blue Component": 0.9490196108818054,
                "Alpha Component": 1,
                "Green Component": 0.9725490212440491
            },
            "Only The Default BG Color Uses Transparency": false,
            "Columns": 214,
            "Idle Code": 0,
            "Ansi 13 Color": {
                "Red Component": 1,
                "Color Space": "sRGB",
                "Blue Component": 0.8745098114013672,
                "Alpha Component": 1,
                "Green Component": 0.572549045085907
            },
            "Custom Command": "No",
            "ASCII Anti Aliased": true,
            "Non Ascii Font": "Monaco 12",
            "Use Bold Font": true,
            "Option Key Sends": 0,
            "Selected Text Color": {
                "Red Component": 0.3294117748737335,
                "Color Space": "sRGB",
                "Blue Component": 0.3294117748737335,
                "Alpha Component": 1,
                "Green Component": 0.3294117748737335
            },
            "Background Color": {
                "Red Component": 0.1568627450980392,
                "Color Space": "sRGB",
                "Blue Component": 0.21176470588235294,
                "Alpha Component": 1,
                "Green Component": 0.16470588235294117
            },
            "Character Encoding": 4,
            "Ansi 11 Color": {
                "Red Component": 1,
                "Color Space": "sRGB",
                "Blue Component": 0.41960784792900085,
                "Alpha Component": 1,
                "Green Component": 0.7960784435272217
            },
            "Use Italic Font": true,
            "Unlimited Scrollback": false,
            "Keyboard Map": {
                "0xf700-0x260000": {
                    "Text": "[1;6A",
                    "Action": 10
                },
                "0x37-0x40000": {
                    "Text": "0x1f",
                    "Action": 11
                },
                "0x32-0x40000": {
                    "Text": "0x00",
                    "Action": 11
                },
                "0xf709-0x20000": {
                    "Text": "[17;2~",
                    "Action": 10
                },
                "0xf70c-0x20000": {
                    "Text": "[20;2~",
                    "Action": 10
                },
                "0xf729-0x20000": {
                    "Text": "[1;2H",
                    "Action": 10
                },
                "0xf72b-0x40000": {
                    "Text": "[1;5F",
                    "Action": 10
                },
                "0xf705-0x20000": {
                    "Text": "[1;2Q",
                    "Action": 10
                },
                "0xf703-0x260000": {
                    "Text": "[1;6C",
                    "Action": 10
                },
                "0xf700-0x220000": {
                    "Text": "[1;2A",
                    "Action": 10
                },
                "0xf701-0x280000": {
                    "Text": "0x1b 0x1b 0x5b 0x42",
                    "Action": 11
                },
                "0x38-0x40000": {
                    "Text": "0x7f",
                    "Action": 11
                },
                "0x33-0x40000": {
                    "Text": "0x1b",
                    "Action": 11
                },
                "0xf703-0x220000": {
                    "Text": "[1;2C",
                    "Action": 10
                },